{
  "capture": {
    "resolution": [768, 768],
    "blenderReference": "../../references/n03d/print-test-mesh-shader.png",
    "browserReference": "../../references/n03d/print-test-mesh-shader-webgl.png",
    "comparisonReport": "material-comparison.json",
    "browserRoute": "/chrome-assets?asset=n03d-print-test-mesh&capture=authored",
    "camera": "square orthographic, direction [1,-1.25,0.85], frame scale 1.45",
    "geometry": "Geometry Nodes only; the post-GN Bevel modifier is disabled in Blender",
    "browserCapture": "Codex in-app Chromium, 768 x 768 CSS pixels, devicePixelRatio 1"
  },
  "materialGroups": [
    { "material": "flat.w", "triangles": 17920, "browser": "literal Background material" },
    { "material": "filament .02 mm.002", "triangles": 200, "browser": "portable filament approximation" }
  ],
  "roomEnvironmentBaseline": {
    "surfaceMaskIou": 0.9917000822350467,
    "intersectionPixels": 272541,
    "pixelLuminanceMae": 0.7377595189644236,
    "pixelLuminanceCorrelation": 0.20276789466583178,
    "binaryMaskDisagreementFraction": 0.992628632022338,
    "macroLuminanceMae": 0.7193384824841786,
    "macroLuminanceCorrelation": -0.07682215075613709,
    "meanLuminanceDelta": 0.7314765561496585
  },
  "authoredAreaBeforeFilamentSemanticFix": {
    "surfaceMaskIou": 0.9921982794712451,
    "intersectionPixels": 272540,
    "pixelLuminanceMae": 0.06295565821942413,
    "pixelLuminanceCorrelation": 0.6571150632149947,
    "binaryMaskDisagreementFraction": 0.0033976663975930138,
    "macroLuminanceMae": 0.06187761154408378,
    "macroLuminanceCorrelation": 0.8193537454280152,
    "meanLuminanceDelta": 0.01770475319942348
  },
  "authoredAreaExactFilamentColors": {
    "surfaceMaskIou": 0.9921332935326281,
    "intersectionPixels": 272541,
    "pixelLuminanceMae": 0.06437900417795164,
    "pixelLuminanceCorrelation": 0.6529828689521938,
    "binaryMaskDisagreementFraction": 0.003404992276391442,
    "macroLuminanceMae": 0.06278553618202307,
    "macroLuminanceCorrelation": 0.8084655279389585,
    "meanLuminanceDelta": 0.027288621982416453
  },
  "authoredAreaWaveBump": {
    "surfaceMaskIou": 0.9940327904728904,
    "intersectionPixels": 272529,
    "pixelLuminanceMae": 0.06963046474530193,
    "pixelLuminanceCorrelation": 0.5564746359108178,
    "binaryMaskDisagreementFraction": 0.0035409075731390053,
    "macroLuminanceMae": 0.049427334090711164,
    "macroLuminanceCorrelation": 0.9324921900679674,
    "blackFractionDelta": -0.0783257233411414,
    "meanLuminanceDelta": 0.011752816571057603,
    "capture": "../../references/n03d/print-test-mesh-shader-webgl.png"
  },
  "interpretation": "Camera and geometry align. The filament front is the exact col attribute and its back is Blender's achromatic max-RGB value branch. The browser derives Generated coordinates from the filament material-group bounds, evaluates a clean-room lookup3/Perlin fBm Z wave, and applies forward-derivative bump normals. The durable current-browser capture measures 0.0494 macro luminance MAE, 0.932 macro correlation, +0.0118 mean luminance delta, and 0.0696 pixel MAE. The subpixel layer-line pattern remains phase and raster-filter sensitive, so high-frequency shader parity is improved but not exact. The generic flat.w Background contract is implemented."
}
