{
  "source": "The Nodes Node_.blend",
  "object": "Point.001",
  "root": "Geometry Nodes.011",
  "blenderVersion": "5.1.2",
  "geometry": {
    "blender": {
      "verts": 4736,
      "faces": 4672,
      "worldBounds": {
        "min": [-21.64906883239746, -1.6307388544082642, -2.5964837074279785],
        "max": [-12.781160354614258, 0.036633364856243134, 7.101312637329102]
      }
    },
    "gnvm": {
      "verts": 4736,
      "faces": 4672,
      "tris": 9344,
      "localBounds": {
        "min": [-1.1101469993591309, -1.6273714303970337, -1.05240797996521],
        "max": [7.757761478424072, 0.040000032633543015, 8.64538860321045]
      },
      "worldBounds": {
        "min": [-21.64906835535913, -1.6307383773970336, -2.59648370696521],
        "max": [-12.781159877575927, 0.03663308563354301, 7.101312876210449]
      }
    },
    "maximumWorldBoundsErrorBeforeFrameFix": 0.008917570114135742,
    "maximumWorldBoundsError": 4.770383306151871e-7,
    "maximumAlignedVertexError": 0.000003337860107421875,
    "errorReduction": 0.9999465058,
    "note": "Topology is exact. Hook deformation invalidates the imported frame, then Set Curve Handle Positions rebuilds evaluated tangents from exact open-Bezier endpoint derivatives and normalized incident-direction bisectors. The resulting world bounds are within 4.8e-7 and aligned vertex probes are within 3.34e-6 of Blender."
  },
  "authoredMaterial": {
    "name": "node color.geometry",
    "outerGraph": { "nodes": 3, "links": 2 },
    "shaderGroup": { "name": "vtext", "nodes": 7, "links": 6 },
    "principled": {
      "baseColor": [0, 0.11227122694253922, 0.06201505288481712, 1],
      "metallic": 0,
      "roughness": 0.8012232780456543,
      "ior": 1.4500000476837158,
      "specularIorLevel": 0.377675861120224
    },
    "normalGraph": {
      "topology": "Generated -> Mapping -> 3D Smooth F1 Voronoi -> identity Map Range -> Greater Than 0.5 -> Bump",
      "mappingRotation": [1.5707963705062866, 0.7853981852531433, 0],
      "mappingScale": [1, 1, 1.440000057220459],
      "voronoiScale": 791.2999267578125,
      "voronoiSmoothness": 1,
      "voronoiRandomness": 0.7094972133636475,
      "bumpStrength": 0.3284916281700134
    }
  },
  "browser": {
    "implementation": "strict graph recognizer plus MeshPhysicalMaterial shader injection",
    "exact": ["graph topology", "extracted constants", "material assignment", "Generated bounds"],
    "approximation": "independently expressed 3D Worley cell jitter and exponential smooth minimum; Three.js derivative bump and PBR lighting",
    "blenderScalarParity": false,
    "webglCompile": "pass; no browser console warnings or errors",
    "reference": "dojo/references/nodes-node/point-001-authored.png"
  },
  "result": "exact topology and authored material constants; Blender-aligned curve geometry within 3.34e-6 and explicit Smooth-F1/renderer approximation",
  "note": "The browser implementation intentionally does not copy Blender renderer source or claim exact Blender Voronoi scalar parity."
}
