{
  "blender": "5.1.2",
  "root": "Geometry Nodes.023",
  "stages": {
    "Group.002": {
      "group": "The Nodes Node_Node Dojo.DarkMode.001",
      "inputs": {
        "Input_1": "Set Material",
        "Input_2": 3,
        "Input_3": 3.8399996757507324,
        "Input_4": 3,
        "Input_5": 0.10999999940395355
      },
      "geometry": {
        "verts": 56564,
        "faces": 24861,
        "bounds": {
          "min": [
            -2.0528159141540527,
            -0.13500000536441803,
            -2.716489553451538
          ],
          "max": [
            2.047687530517578,
            0.010432736948132515,
            0.5099999308586121
          ]
        },
        "materials": {
          "Attribute Viewer N++": {
            "vertices": 3725,
            "bounds": {
              "min": [
                -2.0510637760162354,
                -0.03015238046646118,
                -2.7099995613098145
              ],
              "max": [
                2.0459437370300293,
                0.010152369737625122,
                0.0
              ]
            }
          },
          "emit": {
            "vertices": 96,
            "bounds": {
              "min": [
                -1.6349844932556152,
                -0.11500000208616257,
                -2.40498423576355
              ],
              "max": [
                1.5549845695495605,
                -0.10499999672174454,
                -2.0450150966644287
              ]
            }
          },
          "emit.001": {
            "vertices": 9425,
            "bounds": {
              "min": [
                -1.929999828338623,
                -0.13500000536441803,
                -2.716489553451538
              ],
              "max": [
                1.9299999475479126,
                0.006490025669336319,
                0.5099999308586121
              ]
            }
          },
          "flat.g": {
            "vertices": 1213,
            "bounds": {
              "min": [
                -1.524582862854004,
                -0.10999999940395355,
                -2.328477621078491
              ],
              "max": [
                -0.7134606242179871,
                -0.10999999195337296,
                -2.1430091857910156
              ]
            }
          },
          "node color.geometry": {
            "vertices": 314,
            "bounds": {
              "min": [
                -1.9199998378753662,
                -1.7114270889351246e-08,
                0.00952576007694006
              ],
              "max": [
                1.9199999570846558,
                -3.2605290689602384e-10,
                0.4999999701976776
              ]
            }
          },
          "socket.001": {
            "vertices": 11232,
            "bounds": {
              "min": [
                -2.0528159141540527,
                -0.026976751163601875,
                -1.7428159713745117
              ],
              "max": [
                -1.7871836423873901,
                0.005248734727501869,
                -1.4771835803985596
              ]
            }
          },
          "socket.004": {
            "vertices": 19968,
            "bounds": {
              "min": [
                -2.047687530517578,
                -0.030432747676968575,
                -2.367687225341797
              ],
              "max": [
                -1.7923120260238647,
                0.010432736948132515,
                -0.8523121476173401
              ]
            }
          },
          "socket.006": {
            "vertices": 9984,
            "bounds": {
              "min": [
                1.7923120260238647,
                -0.030432747676968575,
                -0.4776877462863922
              ],
              "max": [
                2.047687530517578,
                0.010432736948132515,
                -0.22231224179267883
              ]
            }
          }
        }
      }
    },
    "Group.001": {
      "group": "The Nodes Node_Node Dojo.DarkMode.002",
      "inputs": {
        "Input_1": "Ico Sphere",
        "Input_2": 3,
        "Input_3": 3.8399996757507324,
        "Input_4": 3,
        "Input_5": 0.10999999940395355
      },
      "geometry": {
        "verts": 47890,
        "faces": 19562,
        "bounds": {
          "min": [
            -2.047687530517578,
            -0.13500000536441803,
            -2.716489553451538
          ],
          "max": [
            2.0528159141540527,
            0.010432736948132515,
            0.5099999308586121
          ]
        },
        "materials": {
          "<none>": {
            "vertices": 2415,
            "bounds": {
              "min": [
                0.7481597661972046,
                -0.12999999523162842,
                -1.110859751701355
              ],
              "max": [
                1.699840784072876,
                -0.12999999523162842,
                -0.22234739363193512
              ]
            }
          },
          "Attribute Viewer N++": {
            "vertices": 2893,
            "bounds": {
              "min": [
                -2.0459437370300293,
                -0.03015238046646118,
                -2.7099995613098145
              ],
              "max": [
                2.0510637760162354,
                0.010152369737625122,
                0.0
              ]
            }
          },
          "emit": {
            "vertices": 5946,
            "bounds": {
              "min": [
                -1.6349844932556152,
                -0.12000000476837158,
                -2.40498423576355
              ],
              "max": [
                1.5549845695495605,
                -0.10499999672174454,
                -1.4150151014328003
              ]
            }
          },
          "emit.001": {
            "vertices": 4507,
            "bounds": {
              "min": [
                -1.929999828338623,
                -0.13500000536441803,
                -2.716489553451538
              ],
              "max": [
                1.9299999475479126,
                0.006490025669336319,
                0.5099999308586121
              ]
            }
          },
          "flat.g": {
            "vertices": 8,
            "bounds": {
              "min": [
                -1.6299998760223389,
                -0.10999999940395355,
                -2.3999996185302734
              ],
              "max": [
                1.5499999523162842,
                -0.10999999940395355,
                -1.4199997186660767
              ]
            }
          },
          "node color.geometry": {
            "vertices": 314,
            "bounds": {
              "min": [
                -1.9199998378753662,
                -1.7114270889351246e-08,
                0.00952576007694006
              ],
              "max": [
                1.9199999570846558,
                -3.2605290689602384e-10,
                0.4999999701976776
              ]
            }
          },
          "socket.002": {
            "vertices": 1248,
            "bounds": {
              "min": [
                1.7871836423873901,
                -0.02524874545633793,
                -1.1128160953521729
              ],
              "max": [
                2.0528159141540527,
                0.005248734727501869,
                -0.8471837043762207
              ]
            }
          },
          "socket.003": {
            "vertices": 9984,
            "bounds": {
              "min": [
                -2.047687530517578,
                -0.030432747676968575,
                -1.737687587738037
              ],
              "max": [
                -1.7923120260238647,
                0.010432736948132515,
                -1.4823119640350342
              ]
            }
          },
          "socket.004": {
            "vertices": 19968,