{
  "schemaVersion": 1,
  "source": "Blender 5.1.2 evaluated matrix_world",
  "coordinateSystem": {
    "blenderWorld": "right-handed Z-up",
    "probeConvention": "geometry and camera deliberately use world +Y as visual up",
    "sunPropagationAxis": "evaluated local -Z",
    "materialXLightData": "direction is propagation direction; generated directional shader negates it"
  },
  "camera": {
    "matrixWorldRows": [
      [
        0.7281998991966248,
        -0.29213079810142517,
        0.619987428188324,
        3.200000047683716
      ],
      [
        -1.7388607886914542e-08,
        0.9046095013618469,
        0.42624136805534363,
        2.200000047683716
      ],
      [
        -0.6853647232055664,
        -0.3103889524936676,
        0.6587365865707397,
        3.4000000953674316
      ],
      [
        0.0,
        0.0,
        0.0,
        1.0
      ]
    ],
    "right": [
      0.7281999588012695,
      -1.738860966327138e-08,
      -0.6853647828102112
    ],
    "up": [
      -0.29213079810142517,
      0.9046095013618469,
      -0.3103889524936676
    ],
    "back": [
      0.619987428188324,
      0.42624136805534363,
      0.6587365865707397
    ],
    "forward": [
      -0.619987428188324,
      -0.42624136805534363,
      -0.6587365865707397
    ],
    "verticalFovDegrees": 50.0000002530119
  },
  "lights": [
    {
      "name": "key",
      "matrixWorldRows": [
        [
          0.5999999642372131,
          -0.565685510635376,
          0.5656853318214417,
          4.0
        ],
        [
          2.040162527805478e-08,
          0.7071067094802856,
          0.7071068286895752,
          5.0
        ],
        [
          -0.7999999523162842,
          -0.4242641031742096,
          0.4242640435695648,
          3.0
        ],
        [
          0.0,
          0.0,
          0.0,
          1.0
        ]
      ],
      "propagationDirection": [
        -0.5656853318214417,
        -0.7071068286895752,
        -0.4242640435695648
      ],
      "toLightDirection": [
        0.5656853318214417,
        0.7071068286895752,
        0.4242640435695648
      ],
      "color": [
        1.0,
        1.0,
        1.0
      ],
      "intensity": 3.200000047683716,
      "angleDegrees": 7.999999938029066
    },
    {
      "name": "fill",
      "matrixWorldRows": [
        [
          0.44721341133117676,
          0.3651484549045563,
          -0.8164965510368347,
          -4.0
        ],
        [
          2.5345000764787073e-08,
          0.9128708839416504,
          0.40824833512306213,
          2.0
        ],
        [
          0.8944271802902222,
          -0.18257418274879456,
          0.40824809670448303,
          2.0
        ],
        [
          0.0,
          0.0,
          0.0,
          1.0
        ]
      ],
      "propagationDirection": [
        0.8164966702461243,
        -0.4082483947277069,
        -0.4082481563091278
      ],
      "toLightDirection": [
        -0.8164966702461243,
        0.4082483947277069,
        0.4082481563091278
      ],
      "color": [
        0.26600000262260437,
        0.47999998927116394,
        1.0
      ],
      "intensity": 1.399999976158142,
      "angleDegrees": 7.999999938029066
    },
    {
      "name": "rim",
      "matrixWorldRows": [
        [
          -0.9701425433158875,
          -0.05716617405414581,
          0.23570218682289124,
          1.0
        ],
        [
          3.1372535680418423e-09,
          0.9718253016471863,
          0.2357022613286972,
          1.0
        ],
        [
          -0.2425355464220047,
          0.22866478562355042,
          -0.9428090453147888,
          -4.0
        ],
        [
          0.0,
          0.0,
          0.0,
          1.0
        ]
      ],
      "propagationDirection": [
        -0.23570218682289124,
        -0.2357022613286972,
        0.9428090453147888
      ],
      "toLightDirection": [
        0.23570218682289124,
        0.2357022613286972,
        -0.9428090453147888
      ],
      "color": [
        1.0,
        0.578000009059906,
        0.3190000057220459
      ],
      "intensity": 1.7999999523162842,
      "angleDegrees": 7.999999938029066
    }
  ],
  "probe": {
    "bounds": {
      "space": "object",
      "min": [
        -1.0,
        -1.0,
        -1.0
      ],
      "max": [
        1.0,
        1.0,
        1.0
      ]
    },
    "geometryProperties": [
      {
        "name": "rough",
        "type": "float",
        "domain": "point"
      },
      {
        "name": "col",
        "type": "color3",
        "domain": "point"
      }
    ]
  }
}
