{
  "case": "authored defaults",
  "topology": {
    "blender": { "verts": 90928, "faces": 87165 },
    "gnvm": { "verts": 90928, "faces": 87165 }
  },
  "blender": {
    "min": [-47.234230041503906, -62.315162658691406, 0],
    "max": [31.506650924682617, 62.315162658691406, 74.75802612304688]
  },
  "gnvm": {
    "min": [-47.234230041503906, -62.315162658691406, 0],
    "max": [31.506649017333984, 62.315162658691406, 74.75802612304688]
  },
  "absoluteDifference": {
    "min": [0, 0, 0],
    "max": [0.0000019073486328125, 0, 0],
    "maximum": 0.0000019073486328125
  },
  "maxXExtreme": {
    "vertexIndex": 90607,
    "blender": [31.506650924682617, -6.761903762817383, 31.586421966552734],
    "gnvm": [31.506649017333984, -6.761904239654541, 31.586421966552734]
  },
  "interpretation": "The apparent 31.5067 versus 31.5066 four-decimal display difference is a two-float32-ULP arithmetic residual at the same extreme vertex, not a topology, transform, or source-selection mismatch."
}
